mean rt	std
0.3753166996502209	0.09436620006730778
0.35397327181516935	0.07440129858140226
0.3562688657588309	0.07636434473775829
0.32040133067780396	0.08998340139565324
0.31028268278996174	0.08359891625865001
0.3143280736341578	0.0834564754374429
0.3753166996502209	0.09436620006730778
0.35397327181516935	0.07440129858140226
0.3562688657588309	0.07636434473775829
0.32040133067780396	0.08998340139565324
0.31028268278996174	0.08359891625865001
0.3143280736341578	0.0834564754374429
